provincia;anio;mes_numero;mes;precipitacion_total_mm;precipitacion_promedio_mm;precipitacion_maxima_mm;dias_con_lluvia
Alajuela;2018;1;Enero;71.9;2.32;15.7;16
Alajuela;2018;2;Febrero;3.8;0.14;2.8;3
Alajuela;2018;3;Marzo;7.4;0.24;1.8;9
Alajuela;2018;4;Abril;112.3;3.74;23.2;25
Alajuela;2018;5;Mayo;328.3;10.59;43.0;29
Alajuela;2018;6;Junio;456.2;15.21;57.6;30
Alajuela;2018;7;Julio;233.2;7.52;31.7;28
Alajuela;2018;8;Agosto;207.8;6.7;36.3;27
Alajuela;2018;9;Setiembre;471.9;15.73;45.7;30
Alajuela;2018;10;Octubre;581.7;18.76;68.8;29
Alajuela;2018;11;Noviembre;261.4;8.71;40.4;27
Alajuela;2018;12;Diciembre;13.5;0.44;3.4;10
Alajuela;2019;1;Enero;2.4;0.08;0.7;5
Alajuela;2019;2;Febrero;3.1;0.11;0.7;10
Alajuela;2019;3;Marzo;26.1;0.84;9.0;9
Alajuela;2019;4;Abril;62.0;2.07;13.9;22
Alajuela;2019;5;Mayo;506.4;16.34;66.4;31
Alajuela;2019;6;Junio;336.6;11.22;52.3;26
Alajuela;2019;7;Julio;128.7;4.15;15.9;26
Alajuela;2019;8;Agosto;254.8;8.22;30.3;29
Alajuela;2019;9;Setiembre;561.2;18.71;85.3;30
Alajuela;2019;10;Octubre;646.9;20.87;58.6;31
Alajuela;2019;11;Noviembre;178.7;5.96;26.3;26
Alajuela;2019;12;Diciembre;107.9;3.48;31.4;23
Alajuela;2020;1;Enero;31.9;1.03;10.6;18
Alajuela;2020;2;Febrero;6.2;0.21;2.9;7
Alajuela;2020;3;Marzo;6.9;0.22;1.6;7
Alajuela;2020;4;Abril;94.5;3.15;15.7;23
Alajuela;2020;5;Mayo;322.3;10.4;40.0;31
Alajuela;2020;6;Junio;597.5;19.92;68.8;29
Alajuela;2020;7;Julio;390.1;12.58;52.2;27
Alajuela;2020;8;Agosto;743.3;23.98;69.8;30
Alajuela;2020;9;Setiembre;609.2;20.31;75.1;30
Alajuela;2020;10;Octubre;791.6;25.54;80.2;30
Alajuela;2020;11;Noviembre;824.7;27.49;110.4;30
Alajuela;2020;12;Diciembre;121.9;3.93;50.3;20
Alajuela;2021;1;Enero;38.2;1.23;30.8;11
Alajuela;2021;2;Febrero;16.2;0.58;3.4;14
Alajuela;2021;3;Marzo;55.9;1.8;39.8;10
Alajuela;2021;4;Abril;231.3;7.71;33.9;25
Alajuela;2021;5;Mayo;348.3;11.24;52.5;27
Alajuela;2021;6;Junio;380.9;12.7;36.5;30
Alajuela;2021;7;Julio;447.7;14.44;144.0;26
Alajuela;2021;8;Agosto;655.3;21.14;104.9;29
Alajuela;2021;9;Setiembre;587.1;19.57;67.1;30
Alajuela;2021;10;Octubre;680.4;21.95;96.3;31
Alajuela;2021;11;Noviembre;240.4;8.01;61.5;25
Alajuela;2021;12;Diciembre;21.6;0.7;6.6;19
Alajuela;2022;1;Enero;7.0;0.23;1.9;8
Alajuela;2022;2;Febrero;4.0;0.14;1.4;7
Alajuela;2022;3;Marzo;23.1;0.75;5.3;16
Alajuela;2022;4;Abril;336.6;11.22;40.2;28
Alajuela;2022;5;Mayo;588.6;18.99;56.1;31
Alajuela;2022;6;Junio;618.5;20.62;55.8;30
Alajuela;2022;7;Julio;499.3;16.11;43.3;30
Alajuela;2022;8;Agosto;484.6;15.63;47.5;30
Alajuela;2022;9;Setiembre;611.9;20.4;73.5;30
Alajuela;2022;10;Octubre;688.0;22.19;69.9;31
Alajuela;2022;11;Noviembre;571.5;19.05;98.9;29
Alajuela;2022;12;Diciembre;11.2;0.36;2.9;12
Alajuela;2023;1;Enero;43.0;1.39;20.8;18
Alajuela;2023;2;Febrero;0.0;0.0;0.0;0
Alajuela;2023;3;Marzo;98.5;3.18;33.7;18
Alajuela;2023;4;Abril;43.2;1.44;7.3;21
Alajuela;2023;5;Mayo;271.2;8.75;101.5;27
Alajuela;2023;6;Junio;369.6;12.32;41.2;30
Alajuela;2023;7;Julio;490.0;15.81;54.4;26
Alajuela;2023;8;Agosto;542.3;17.49;52.9;30
Alajuela;2023;9;Setiembre;521.0;17.37;54.2;30
Alajuela;2023;10;Octubre;732.9;23.64;76.0;31
Alajuela;2023;11;Noviembre;408.3;13.61;43.5;29
Alajuela;2023;12;Diciembre;62.1;2.0;19.5;13
Alajuela;2024;1;Enero;12.5;0.4;6.7;7
Alajuela;2024;2;Febrero;17.7;0.61;4.4;11
Alajuela;2024;3;Marzo;31.4;1.01;3.2;19
Alajuela;2024;4;Abril;164.3;5.48;34.1;21
Alajuela;2024;5;Mayo;514.3;16.59;71.9;30
Alajuela;2024;6;Junio;754.3;25.14;63.9;30
Alajuela;2024;7;Julio;519.9;16.77;58.2;29
Alajuela;2024;8;Agosto;574.6;18.54;58.7;31
Alajuela;2024;9;Setiembre;552.3;18.41;43.2;30
Alajuela;2024;10;Octubre;621.4;20.05;67.0;30
Alajuela;2024;11;Noviembre;871.8;29.06;87.0;30
Alajuela;2024;12;Diciembre;212.1;6.84;51.7;23
Cartago;2018;1;Enero;139.8;4.51;20.7;24
Cartago;2018;2;Febrero;4.4;0.16;1.7;7
Cartago;2018;3;Marzo;2.0;0.06;0.6;9
Cartago;2018;4;Abril;66.6;2.22;29.9;23
Cartago;2018;5;Mayo;176.4;5.69;14.0;29
Cartago;2018;6;Junio;183.8;6.13;70.6;30
Cartago;2018;7;Julio;170.8;5.51;22.4;30
Cartago;2018;8;Agosto;97.0;3.13;29.9;30
Cartago;2018;9;Setiembre;206.0;6.87;30.6;30
Cartago;2018;10;Octubre;336.1;10.84;40.1;27
Cartago;2018;11;Noviembre;189.1;6.3;40.5;28
Cartago;2018;12;Diciembre;21.1;0.68;7.4;18
Cartago;2019;1;Enero;3.3;0.11;0.8;11
Cartago;2019;2;Febrero;15.0;0.54;6.9;14
Cartago;2019;3;Marzo;24.7;0.8;11.2;19
Cartago;2019;4;Abril;34.6;1.15;4.9;24
Cartago;2019;5;Mayo;441.1;14.23;66.0;31
Cartago;2019;6;Junio;94.0;3.13;25.9;28
Cartago;2019;7;Julio;114.0;3.68;36.4;29
Cartago;2019;8;Agosto;115.2;3.72;28.8;29
Cartago;2019;9;Setiembre;210.7;7.02;31.6;30
Cartago;2019;10;Octubre;341.1;11.0;57.4;31
Cartago;2019;11;Noviembre;164.5;5.48;46.9;27
Cartago;2019;12;Diciembre;132.7;4.28;34.0;26
Cartago;2020;1;Enero;85.8;2.77;23.9;27
Cartago;2020;2;Febrero;17.9;0.62;3.9;19
Cartago;2020;3;Marzo;6.0;0.19;1.4;15
Cartago;2020;4;Abril;76.1;2.54;23.2;24
Cartago;2020;5;Mayo;152.5;4.92;37.4;30
Cartago;2020;6;Junio;255.2;8.51;43.0;30
Cartago;2020;7;Julio;103.9;3.35;18.5;28
Cartago;2020;8;Agosto;343.3;11.07;81.1;30
Cartago;2020;9;Setiembre;216.5;7.22;61.5;30
Cartago;2020;10;Octubre;503.8;16.25;99.5;31
Cartago;2020;11;Noviembre;485.9;16.2;83.0;30
Cartago;2020;12;Diciembre;221.6;7.15;81.1;21
Cartago;2021;1;Enero;66.4;2.14;23.6;15
Cartago;2021;2;Febrero;20.9;0.75;4.0;18
Cartago;2021;3;Marzo;76.5;2.47;26.2;18
Cartago;2021;4;Abril;139.3;4.64;47.4;26
Cartago;2021;5;Mayo;218.0;7.03;62.0;25
Cartago;2021;6;Junio;195.3;6.51;51.8;29
Cartago;2021;7;Julio;440.0;14.19;98.0;29
Cartago;2021;8;Agosto;362.6;11.7;78.5;30
Cartago;2021;9;Setiembre;176.5;5.88;49.4;30
Cartago;2021;10;Octubre;284.1;9.16;74.9;29
Cartago;2021;11;Noviembre;169.5;5.65;26.2;27
Cartago;2021;12;Diciembre;65.2;2.1;12.6;25
Cartago;2022;1;Enero;18.0;0.58;5.3;16
Cartago;2022;2;Febrero;18.1;0.65;6.7;13
Cartago;2022;3;Marzo;29.4;0.95;8.9;21
Cartago;2022;4;Abril;188.1;6.27;30.0;25
Cartago;2022;5;Mayo;247.0;7.97;37.7;31
Cartago;2022;6;Junio;324.4;10.81;38.4;30
Cartago;2022;7;Julio;136.3;4.4;39.4;30
Cartago;2022;8;Agosto;186.7;6.02;36.5;30
Cartago;2022;9;Setiembre;304.4;10.15;36.4;30
Cartago;2022;10;Octubre;227.7;7.35;41.3;30
Cartago;2022;11;Noviembre;257.0;8.57;37.6;30
Cartago;2022;12;Diciembre;33.5;1.08;6.0;25
Cartago;2023;1;Enero;49.7;1.6;17.9;23
Cartago;2023;2;Febrero;15.6;0.56;2.3;18
Cartago;2023;3;Marzo;80.7;2.6;25.3;24
Cartago;2023;4;Abril;13.8;0.46;2.9;25
Cartago;2023;5;Mayo;154.5;4.98;27.1;27
Cartago;2023;6;Junio;120.8;4.03;19.7;30
Cartago;2023;7;Julio;165.3;5.33;50.7;31
Cartago;2023;8;Agosto;233.2;7.52;86.6;30
Cartago;2023;9;Setiembre;48.6;1.62;6.8;30
Cartago;2023;10;Octubre;301.6;9.73;28.6;31
Cartago;2023;11;Noviembre;302.9;10.1;49.3;29
Cartago;2023;12;Diciembre;70.5;2.27;9.2;25
Cartago;2024;1;Enero;7.5;0.24;1.5;15
Cartago;2024;2;Febrero;49.3;1.7;27.3;19
Cartago;2024;3;Marzo;11.9;0.38;2.2;14
Cartago;2024;4;Abril;49.7;1.66;8.8;23
Cartago;2024;5;Mayo;182.4;5.88;32.1;31
Cartago;2024;6;Junio;314.7;10.49;31.3;30
Cartago;2024;7;Julio;138.3;4.46;38.4;31
Cartago;2024;8;Agosto;173.9;5.61;32.7;30
Cartago;2024;9;Setiembre;200.4;6.68;25.9;29
Cartago;2024;10;Octubre;308.3;9.95;52.1;31
Cartago;2024;11;Noviembre;715.6;23.85;71.4;30
Cartago;2024;12;Diciembre;322.1;10.39;61.1;30
Guanacaste;2018;1;Enero;10.0;0.32;4.3;9
Guanacaste;2018;2;Febrero;2.8;0.1;1.7;3
Guanacaste;2018;3;Marzo;0.0;0.0;0.0;0
Guanacaste;2018;4;Abril;37.2;1.24;11.6;19
Guanacaste;2018;5;Mayo;296.5;9.56;34.8;30
Guanacaste;2018;6;Junio;366.5;12.22;83.5;30
Guanacaste;2018;7;Julio;90.6;2.92;17.4;26
Guanacaste;2018;8;Agosto;146.3;4.72;46.9;29
Guanacaste;2018;9;Setiembre;279.6;9.32;20.5;30
Guanacaste;2018;10;Octubre;729.8;23.54;135.5;30
Guanacaste;2018;11;Noviembre;63.0;2.1;8.3;26
Guanacaste;2018;12;Diciembre;3.5;0.11;0.9;9
Guanacaste;2019;1;Enero;0.3;0.01;0.2;2
Guanacaste;2019;2;Febrero;0.0;0.0;0.0;0
Guanacaste;2019;3;Marzo;2.7;0.09;0.8;4
Guanacaste;2019;4;Abril;24.8;0.83;4.9;14
Guanacaste;2019;5;Mayo;498.5;16.08;71.9;31
Guanacaste;2019;6;Junio;242.4;8.08;38.0;26
Guanacaste;2019;7;Julio;46.9;1.51;14.3;25
Guanacaste;2019;8;Agosto;135.3;4.36;19.4;22
Guanacaste;2019;9;Setiembre;307.0;10.23;38.4;28
Guanacaste;2019;10;Octubre;472.1;15.23;56.8;31
Guanacaste;2019;11;Noviembre;74.6;2.49;11.9;25
Guanacaste;2019;12;Diciembre;67.1;2.16;33.9;16
Guanacaste;2020;1;Enero;14.8;0.48;6.0;10
Guanacaste;2020;2;Febrero;1.1;0.04;0.6;3
Guanacaste;2020;3;Marzo;1.9;0.06;0.6;7
Guanacaste;2020;4;Abril;31.6;1.05;7.9;16
Guanacaste;2020;5;Mayo;372.3;12.01;102.1;26
Guanacaste;2020;6;Junio;343.8;11.46;40.1;29
Guanacaste;2020;7;Julio;263.3;8.49;39.4;27
Guanacaste;2020;8;Agosto;491.4;15.85;84.1;30
Guanacaste;2020;9;Setiembre;394.9;13.16;46.7;30
Guanacaste;2020;10;Octubre;510.4;16.46;47.6;31
Guanacaste;2020;11;Noviembre;564.5;18.82;78.0;29
Guanacaste;2020;12;Diciembre;19.2;0.62;8.1;14
Guanacaste;2021;1;Enero;21.3;0.69;12.4;11
Guanacaste;2021;2;Febrero;2.4;0.09;0.7;7
Guanacaste;2021;3;Marzo;3.4;0.11;2.0;5
Guanacaste;2021;4;Abril;125.5;4.18;24.1;24
Guanacaste;2021;5;Mayo;96.6;3.12;29.3;25
Guanacaste;2021;6;Junio;433.4;14.45;82.4;28
Guanacaste;2021;7;Julio;211.3;6.82;38.7;24
Guanacaste;2021;8;Agosto;497.9;16.06;56.5;29
Guanacaste;2021;9;Setiembre;381.4;12.71;42.6;30
Guanacaste;2021;10;Octubre;489.9;15.8;80.1;31
Guanacaste;2021;11;Noviembre;79.2;2.64;24.0;20
Guanacaste;2021;12;Diciembre;4.0;0.13;0.9;13
Guanacaste;2022;1;Enero;2.3;0.07;0.6;8
Guanacaste;2022;2;Febrero;2.5;0.09;0.8;7
Guanacaste;2022;3;Marzo;12.6;0.41;2.4;14
Guanacaste;2022;4;Abril;102.3;3.41;21.6;26
Guanacaste;2022;5;Mayo;606.0;19.55;101.6;31
Guanacaste;2022;6;Junio;653.7;21.79;52.7;30
Guanacaste;2022;7;Julio;426.5;13.76;87.9;30
Guanacaste;2022;8;Agosto;470.1;15.16;47.4;30
Guanacaste;2022;9;Setiembre;640.8;21.36;89.0;30
Guanacaste;2022;10;Octubre;384.4;12.4;70.8;31
Guanacaste;2022;11;Noviembre;342.2;11.41;35.0;28
Guanacaste;2022;12;Diciembre;4.7;0.15;1.3;14
Guanacaste;2023;1;Enero;15.6;0.5;10.0;7
Guanacaste;2023;2;Febrero;0.0;0.0;0.0;0
Guanacaste;2023;3;Marzo;96.2;3.1;33.2;17
Guanacaste;2023;4;Abril;36.8;1.23;19.6;11
Guanacaste;2023;5;Mayo;136.9;4.42;27.0;23
Guanacaste;2023;6;Junio;350.5;11.68;40.1;30
Guanacaste;2023;7;Julio;270.1;8.71;35.0;26
Guanacaste;2023;8;Agosto;357.0;11.52;40.8;29
Guanacaste;2023;9;Setiembre;225.7;7.52;27.9;29
Guanacaste;2023;10;Octubre;738.6;23.83;54.1;31
Guanacaste;2023;11;Noviembre;306.1;10.2;31.9;28
Guanacaste;2023;12;Diciembre;17.3;0.56;9.6;9
Guanacaste;2024;1;Enero;4.7;0.15;1.7;5
Guanacaste;2024;2;Febrero;3.8;0.13;1.9;4
Guanacaste;2024;3;Marzo;15.4;0.5;3.0;10
Guanacaste;2024;4;Abril;60.1;2.0;18.5;15
Guanacaste;2024;5;Mayo;305.9;9.87;66.5;28
Guanacaste;2024;6;Junio;881.0;29.37;119.8;30
Guanacaste;2024;7;Julio;415.6;13.41;34.0;29
Guanacaste;2024;8;Agosto;382.6;12.34;36.6;30
Guanacaste;2024;9;Setiembre;524.1;17.47;44.0;29
Guanacaste;2024;10;Octubre;427.9;13.8;45.3;29
Guanacaste;2024;11;Noviembre;617.6;20.59;64.5;28
Guanacaste;2024;12;Diciembre;114.3;3.69;33.5;25
Heredia;2018;1;Enero;80.7;2.6;21.6;21
Heredia;2018;2;Febrero;2.3;0.08;0.9;6
Heredia;2018;3;Marzo;8.0;0.26;2.6;8
Heredia;2018;4;Abril;48.3;1.61;12.1;24
Heredia;2018;5;Mayo;242.0;7.81;38.2;30
Heredia;2018;6;Junio;247.9;8.26;55.3;29
Heredia;2018;7;Julio;139.2;4.49;25.8;29
Heredia;2018;8;Agosto;110.3;3.56;30.9;30
Heredia;2018;9;Setiembre;238.8;7.96;29.5;29
Heredia;2018;10;Octubre;429.8;13.86;58.8;29
Heredia;2018;11;Noviembre;175.9;5.86;33.4;28
Heredia;2018;12;Diciembre;13.1;0.42;5.9;12
Heredia;2019;1;Enero;1.3;0.04;0.6;4
Heredia;2019;2;Febrero;5.8;0.21;1.9;7
Heredia;2019;3;Marzo;10.5;0.34;3.7;10
Heredia;2019;4;Abril;59.3;1.98;16.9;18
Heredia;2019;5;Mayo;401.2;12.94;44.9;31
Heredia;2019;6;Junio;166.7;5.56;50.8;29
Heredia;2019;7;Julio;63.1;2.04;15.0;24
Heredia;2019;8;Agosto;179.2;5.78;34.3;29
Heredia;2019;9;Setiembre;350.6;11.69;60.0;28
Heredia;2019;10;Octubre;477.6;15.41;42.5;31
Heredia;2019;11;Noviembre;90.3;3.01;28.1;25
Heredia;2019;12;Diciembre;91.2;2.94;23.2;23
Heredia;2020;1;Enero;49.0;1.58;18.7;20
Heredia;2020;2;Febrero;7.6;0.26;2.7;10
Heredia;2020;3;Marzo;3.4;0.11;1.4;7
Heredia;2020;4;Abril;47.6;1.59;14.1;22
Heredia;2020;5;Mayo;200.6;6.47;36.2;29
Heredia;2020;6;Junio;355.8;11.86;59.2;30
Heredia;2020;7;Julio;139.9;4.51;28.4;27
Heredia;2020;8;Agosto;538.9;17.38;82.6;31
Heredia;2020;9;Setiembre;403.4;13.45;95.2;30
Heredia;2020;10;Octubre;598.6;19.31;61.6;30
Heredia;2020;11;Noviembre;592.7;19.76;106.0;30
Heredia;2020;12;Diciembre;112.9;3.64;59.7;21
Heredia;2021;1;Enero;53.7;1.73;41.1;11
Heredia;2021;2;Febrero;17.5;0.62;2.7;16
Heredia;2021;3;Marzo;47.7;1.54;22.0;14
Heredia;2021;4;Abril;168.2;5.61;35.8;24
Heredia;2021;5;Mayo;249.2;8.04;52.3;29
Heredia;2021;6;Junio;199.9;6.66;28.8;30
Heredia;2021;7;Julio;351.2;11.33;129.1;26
Heredia;2021;8;Agosto;477.8;15.41;78.8;29
Heredia;2021;9;Setiembre;286.8;9.56;51.9;30
Heredia;2021;10;Octubre;385.0;12.42;74.0;31
Heredia;2021;11;Noviembre;95.0;3.17;24.6;26
Heredia;2021;12;Diciembre;18.6;0.6;4.4;21
Heredia;2022;1;Enero;6.0;0.19;1.5;11
Heredia;2022;2;Febrero;5.1;0.18;2.5;7
Heredia;2022;3;Marzo;10.7;0.35;1.8;18
Heredia;2022;4;Abril;155.5;5.18;28.3;28
Heredia;2022;5;Mayo;378.4;12.21;77.0;30
Heredia;2022;6;Junio;477.3;15.91;44.1;30
Heredia;2022;7;Julio;170.0;5.48;41.6;29
Heredia;2022;8;Agosto;264.7;8.54;21.4;30
Heredia;2022;9;Setiembre;483.6;16.12;72.9;30
Heredia;2022;10;Octubre;347.5;11.21;72.9;31
Heredia;2022;11;Noviembre;313.5;10.45;71.6;30
Heredia;2022;12;Diciembre;7.4;0.24;1.8;17
Heredia;2023;1;Enero;16.6;0.54;3.0;20
Heredia;2023;2;Febrero;1.6;0.06;0.4;8
Heredia;2023;3;Marzo;91.1;2.94;21.4;17
Heredia;2023;4;Abril;42.4;1.41;10.9;13
Heredia;2023;5;Mayo;237.4;7.66;101.6;24
Heredia;2023;6;Junio;235.9;7.86;31.9;28
Heredia;2023;7;Julio;191.2;6.17;52.0;27
Heredia;2023;8;Agosto;236.4;7.63;48.0;28
Heredia;2023;9;Setiembre;184.8;6.16;31.6;30
Heredia;2023;10;Octubre;660.2;21.3;65.2;31
Heredia;2023;11;Noviembre;333.2;11.11;61.6;28
Heredia;2023;12;Diciembre;24.0;0.77;5.2;16
Heredia;2024;1;Enero;5.7;0.18;3.0;8
Heredia;2024;2;Febrero;24.5;0.84;6.3;9
Heredia;2024;3;Marzo;26.1;0.84;4.3;17
Heredia;2024;4;Abril;71.0;2.37;19.3;21
Heredia;2024;5;Mayo;253.3;8.17;50.4;31
Heredia;2024;6;Junio;513.4;17.11;63.3;30
Heredia;2024;7;Julio;257.4;8.3;52.1;30
Heredia;2024;8;Agosto;179.6;5.79;28.4;29
Heredia;2024;9;Setiembre;358.8;11.96;29.7;29
Heredia;2024;10;Octubre;385.6;12.44;78.6;31
Heredia;2024;11;Noviembre;697.6;23.25;84.6;30
Heredia;2024;12;Diciembre;165.2;5.33;55.8;25
Limón;2018;1;Enero;729.6;23.54;119.3;31
Limón;2018;2;Febrero;232.5;8.3;43.7;28
Limón;2018;3;Marzo;143.7;4.64;43.7;31
Limón;2018;4;Abril;243.3;8.11;33.9;30
Limón;2018;5;Mayo;378.2;12.2;64.5;31
Limón;2018;6;Junio;493.6;16.45;39.7;30
Limón;2018;7;Julio;723.7;23.35;62.6;31
Limón;2018;8;Agosto;504.3;16.27;49.5;31
Limón;2018;9;Setiembre;401.3;13.38;39.3;30
Limón;2018;10;Octubre;341.4;11.01;51.3;28
Limón;2018;11;Noviembre;452.9;15.1;92.6;30
Limón;2018;12;Diciembre;145.1;4.68;32.8;31
Limón;2019;1;Enero;85.5;2.76;8.8;30
Limón;2019;2;Febrero;106.9;3.82;35.0;28
Limón;2019;3;Marzo;207.8;6.7;26.6;31
Limón;2019;4;Abril;125.7;4.19;26.0;30
Limón;2019;5;Mayo;334.1;10.78;33.6;31
Limón;2019;6;Junio;355.6;11.85;29.2;30
Limón;2019;7;Julio;393.2;12.68;43.1;29
Limón;2019;8;Agosto;442.4;14.27;91.3;31
Limón;2019;9;Setiembre;237.3;7.91;30.4;30
Limón;2019;10;Octubre;345.2;11.14;86.2;31
Limón;2019;11;Noviembre;433.9;14.46;46.4;30
Limón;2019;12;Diciembre;576.8;18.61;126.6;31
Limón;2020;1;Enero;306.2;9.88;31.9;31
Limón;2020;2;Febrero;122.3;4.22;13.9;28
Limón;2020;3;Marzo;77.9;2.51;6.3;29
Limón;2020;4;Abril;300.5;10.02;70.6;29
Limón;2020;5;Mayo;278.6;8.99;28.5;31
Limón;2020;6;Junio;369.7;12.32;41.7;30
Limón;2020;7;Julio;324.9;10.48;37.3;31
Limón;2020;8;Agosto;399.7;12.89;50.9;30
Limón;2020;9;Setiembre;226.9;7.56;21.3;30
Limón;2020;10;Octubre;253.9;8.19;41.9;30
Limón;2020;11;Noviembre;487.1;16.24;85.2;30
Limón;2020;12;Diciembre;486.5;15.69;83.9;31
Limón;2021;1;Enero;239.6;7.73;40.6;30
Limón;2021;2;Febrero;234.1;8.36;50.4;26
Limón;2021;3;Marzo;243.2;7.85;32.0;31
Limón;2021;4;Abril;298.8;9.96;48.0;30
Limón;2021;5;Mayo;532.1;17.16;52.7;31
Limón;2021;6;Junio;341.0;11.37;45.8;29
Limón;2021;7;Julio;821.4;26.5;212.3;31
Limón;2021;8;Agosto;509.1;16.42;173.4;31
Limón;2021;9;Setiembre;366.3;12.21;46.8;30
Limón;2021;10;Octubre;305.5;9.85;32.7;30
Limón;2021;11;Noviembre;463.7;15.46;57.6;30
Limón;2021;12;Diciembre;328.0;10.58;33.4;30
Limón;2022;1;Enero;134.0;4.32;12.8;31
Limón;2022;2;Febrero;158.5;5.66;53.7;28
Limón;2022;3;Marzo;218.9;7.06;69.4;31
Limón;2022;4;Abril;436.9;14.56;77.5;30
Limón;2022;5;Mayo;361.9;11.67;83.6;31
Limón;2022;6;Junio;443.5;14.78;42.1;30
Limón;2022;7;Julio;504.2;16.26;43.2;31
Limón;2022;8;Agosto;397.5;12.82;52.8;31
Limón;2022;9;Setiembre;278.6;9.29;31.8;30
Limón;2022;10;Octubre;304.4;9.82;35.5;31
Limón;2022;11;Noviembre;552.2;18.41;64.4;30
Limón;2022;12;Diciembre;322.2;10.39;41.9;31
Limón;2023;1;Enero;298.4;9.63;39.4;31
Limón;2023;2;Febrero;153.7;5.49;17.3;28
Limón;2023;3;Marzo;161.8;5.22;32.1;31
Limón;2023;4;Abril;87.7;2.92;14.0;23
Limón;2023;5;Mayo;123.6;3.99;20.7;29
Limón;2023;6;Junio;244.8;8.16;33.6;30
Limón;2023;7;Julio;470.8;15.19;48.7;31
Limón;2023;8;Agosto;354.3;11.43;41.5;31
Limón;2023;9;Setiembre;308.6;10.29;39.8;29
Limón;2023;10;Octubre;390.0;12.58;26.6;31
Limón;2023;11;Noviembre;462.2;15.41;63.8;30
Limón;2023;12;Diciembre;304.3;9.82;40.9;31
Limón;2024;1;Enero;130.1;4.2;15.7;31
Limón;2024;2;Febrero;220.6;7.61;41.2;25
Limón;2024;3;Marzo;59.1;1.91;8.3;27
Limón;2024;4;Abril;204.8;6.83;61.7;25
Limón;2024;5;Mayo;302.9;9.77;58.3;30
Limón;2024;6;Junio;335.3;11.18;37.8;30
Limón;2024;7;Julio;514.3;16.59;44.7;31
Limón;2024;8;Agosto;277.7;8.96;39.9;31
Limón;2024;9;Setiembre;282.6;9.42;23.7;30
Limón;2024;10;Octubre;460.0;14.84;41.2;31
Limón;2024;11;Noviembre;420.9;14.03;55.5;29
Limón;2024;12;Diciembre;544.9;17.58;56.4;31
Puntarenas;2018;1;Enero;64.6;2.08;11.9;24
Puntarenas;2018;2;Febrero;23.4;0.84;4.2;21
Puntarenas;2018;3;Marzo;10.5;0.34;4.1;9
Puntarenas;2018;4;Abril;115.9;3.86;16.6;30
Puntarenas;2018;5;Mayo;298.0;9.61;24.2;31
Puntarenas;2018;6;Junio;313.3;10.44;46.9;30
Puntarenas;2018;7;Julio;267.8;8.64;28.4;31
Puntarenas;2018;8;Agosto;244.6;7.89;27.1;31
Puntarenas;2018;9;Setiembre;381.8;12.73;72.0;30
Puntarenas;2018;10;Octubre;961.6;31.02;275.8;31
Puntarenas;2018;11;Noviembre;201.8;6.73;46.9;30
Puntarenas;2018;12;Diciembre;20.5;0.66;4.1;16
Puntarenas;2019;1;Enero;3.5;0.11;2.3;5
Puntarenas;2019;2;Febrero;1.5;0.05;0.7;3
Puntarenas;2019;3;Marzo;1.4;0.05;0.6;4
Puntarenas;2019;4;Abril;58.1;1.94;11.1;28
Puntarenas;2019;5;Mayo;772.7;24.93;118.4;31
Puntarenas;2019;6;Junio;325.9;10.86;59.2;30
Puntarenas;2019;7;Julio;214.6;6.92;25.7;31
Puntarenas;2019;8;Agosto;329.7;10.64;49.5;30
Puntarenas;2019;9;Setiembre;481.6;16.05;178.1;30
Puntarenas;2019;10;Octubre;785.0;25.32;133.8;31
Puntarenas;2019;11;Noviembre;183.9;6.13;21.3;30
Puntarenas;2019;12;Diciembre;138.1;4.45;29.3;28
Puntarenas;2020;1;Enero;46.5;1.5;10.1;18
Puntarenas;2020;2;Febrero;8.0;0.28;3.1;11
Puntarenas;2020;3;Marzo;22.0;0.71;5.2;19
Puntarenas;2020;4;Abril;64.3;2.14;9.5;28
Puntarenas;2020;5;Mayo;474.5;15.31;209.8;31
Puntarenas;2020;6;Junio;369.0;12.3;56.8;30
Puntarenas;2020;7;Julio;388.8;12.54;48.8;31
Puntarenas;2020;8;Agosto;876.0;28.26;133.5;31
Puntarenas;2020;9;Setiembre;391.9;13.06;49.0;30
Puntarenas;2020;10;Octubre;821.2;26.49;93.3;31
Puntarenas;2020;11;Noviembre;576.2;19.21;112.8;30
Puntarenas;2020;12;Diciembre;169.2;5.46;43.9;29
Puntarenas;2021;1;Enero;55.2;1.78;9.8;21
Puntarenas;2021;2;Febrero;22.5;0.8;6.1;18
Puntarenas;2021;3;Marzo;72.9;2.35;19.2;23
Puntarenas;2021;4;Abril;220.7;7.36;41.1;27
Puntarenas;2021;5;Mayo;245.9;7.93;58.5;31
Puntarenas;2021;6;Junio;640.3;21.34;132.7;30
Puntarenas;2021;7;Julio;421.7;13.6;95.2;31
Puntarenas;2021;8;Agosto;516.5;16.66;111.3;31
Puntarenas;2021;9;Setiembre;445.7;14.86;70.5;30
Puntarenas;2021;10;Octubre;387.9;12.51;47.6;31
Puntarenas;2021;11;Noviembre;217.9;7.26;43.3;30
Puntarenas;2021;12;Diciembre;84.9;2.74;14.6;28
Puntarenas;2022;1;Enero;18.9;0.61;3.8;20
Puntarenas;2022;2;Febrero;27.0;0.96;13.6;17
Puntarenas;2022;3;Marzo;38.9;1.25;7.3;29
Puntarenas;2022;4;Abril;178.2;5.94;22.3;30
Puntarenas;2022;5;Mayo;431.8;13.93;45.5;31
Puntarenas;2022;6;Junio;690.5;23.02;106.6;30
Puntarenas;2022;7;Julio;417.4;13.46;88.5;31
Puntarenas;2022;8;Agosto;329.1;10.62;29.3;30
Puntarenas;2022;9;Setiembre;482.4;16.08;43.7;30
Puntarenas;2022;10;Octubre;418.0;13.48;56.8;31
Puntarenas;2022;11;Noviembre;396.3;13.21;71.2;30
Puntarenas;2022;12;Diciembre;54.9;1.77;8.6;29
Puntarenas;2023;1;Enero;56.8;1.83;26.5;23
Puntarenas;2023;2;Febrero;6.2;0.22;2.9;8
Puntarenas;2023;3;Marzo;53.1;1.71;10.5;22
Puntarenas;2023;4;Abril;24.9;0.83;4.9;20
Puntarenas;2023;5;Mayo;186.8;6.03;40.0;28
Puntarenas;2023;6;Junio;317.1;10.57;59.8;30
Puntarenas;2023;7;Julio;300.5;9.69;40.3;31
Puntarenas;2023;8;Agosto;377.8;12.19;55.1;31
Puntarenas;2023;9;Setiembre;334.1;11.14;58.7;30
Puntarenas;2023;10;Octubre;724.1;23.36;79.7;31
Puntarenas;2023;11;Noviembre;339.7;11.32;41.4;29
Puntarenas;2023;12;Diciembre;67.5;2.18;15.5;21
Puntarenas;2024;1;Enero;14.8;0.48;4.5;11
Puntarenas;2024;2;Febrero;10.8;0.37;5.1;8
Puntarenas;2024;3;Marzo;30.3;0.98;5.6;21
Puntarenas;2024;4;Abril;117.8;3.93;27.8;22
Puntarenas;2024;5;Mayo;307.2;9.91;45.9;31
Puntarenas;2024;6;Junio;642.5;21.42;125.9;30
Puntarenas;2024;7;Julio;391.4;12.63;53.5;31
Puntarenas;2024;8;Agosto;277.0;8.94;33.8;31
Puntarenas;2024;9;Setiembre;537.0;17.9;77.1;30
Puntarenas;2024;10;Octubre;529.4;17.08;69.1;31
Puntarenas;2024;11;Noviembre;793.3;26.44;80.1;29
Puntarenas;2024;12;Diciembre;212.3;6.85;41.1;30
San José;2018;1;Enero;121.7;3.93;20.2;19
San José;2018;2;Febrero;4.6;0.16;1.7;4
San José;2018;3;Marzo;8.7;0.28;2.1;12
San José;2018;4;Abril;70.6;2.35;15.6;25
San José;2018;5;Mayo;221.6;7.15;21.7;30
San José;2018;6;Junio;317.8;10.59;75.2;30
San José;2018;7;Julio;200.8;6.48;40.8;27
San José;2018;8;Agosto;207.0;6.68;33.7;30
San José;2018;9;Setiembre;379.7;12.66;43.0;30
San José;2018;10;Octubre;445.6;14.37;40.2;29
San José;2018;11;Noviembre;315.5;10.52;47.9;29
San José;2018;12;Diciembre;12.6;0.41;4.7;11
San José;2019;1;Enero;2.4;0.08;0.7;5
San José;2019;2;Febrero;5.3;0.19;1.6;8
San José;2019;3;Marzo;13.1;0.42;2.8;12
San José;2019;4;Abril;48.9;1.63;7.1;22
San José;2019;5;Mayo;529.3;17.07;83.9;31
San José;2019;6;Junio;242.9;8.1;53.3;29
San José;2019;7;Julio;146.6;4.73;26.2;25
San José;2019;8;Agosto;196.4;6.34;30.2;29
San José;2019;9;Setiembre;389.0;12.97;61.2;29
San José;2019;10;Octubre;607.4;19.59;49.4;31
San José;2019;11;Noviembre;174.1;5.8;48.0;29
San José;2019;12;Diciembre;92.5;2.98;18.2;28
San José;2020;1;Enero;42.6;1.37;7.7;20
San José;2020;2;Febrero;6.6;0.23;2.1;7
San José;2020;3;Marzo;7.8;0.25;2.5;8
San José;2020;4;Abril;92.0;3.07;26.1;26
San José;2020;5;Mayo;329.9;10.64;42.0;30
San José;2020;6;Junio;380.5;12.68;40.0;30
San José;2020;7;Julio;279.7;9.02;38.1;27
San José;2020;8;Agosto;645.5;20.82;87.8;30
San José;2020;9;Setiembre;575.0;19.17;50.0;30
San José;2020;10;Octubre;590.2;19.04;69.5;31
San José;2020;11;Noviembre;521.8;17.39;97.9;30
San José;2020;12;Diciembre;156.7;5.05;76.7;21
San José;2021;1;Enero;51.4;1.66;43.4;10
San José;2021;2;Febrero;13.6;0.49;2.4;13
San José;2021;3;Marzo;26.5;0.85;7.1;16
San José;2021;4;Abril;191.8;6.39;40.5;27
San José;2021;5;Mayo;313.4;10.11;52.5;29
San José;2021;6;Junio;354.9;11.83;56.9;30
San José;2021;7;Julio;450.8;14.54;101.5;26
San José;2021;8;Agosto;632.8;20.41;87.1;29
San José;2021;9;Setiembre;433.9;14.46;61.4;30
San José;2021;10;Octubre;532.4;17.17;70.6;31
San José;2021;11;Noviembre;216.5;7.22;53.0;30
San José;2021;12;Diciembre;37.8;1.22;4.3;22
San José;2022;1;Enero;10.1;0.33;2.4;11
San José;2022;2;Febrero;10.9;0.39;3.4;11
San José;2022;3;Marzo;30.8;0.99;4.6;23
San José;2022;4;Abril;276.4;9.21;34.9;28
San José;2022;5;Mayo;487.9;15.74;41.5;31
San José;2022;6;Junio;602.8;20.09;49.7;30
San José;2022;7;Julio;344.6;11.12;67.6;28
San José;2022;8;Agosto;488.3;15.75;42.8;30
San José;2022;9;Setiembre;556.4;18.55;69.5;30
San José;2022;10;Octubre;523.0;16.87;59.8;31
San José;2022;11;Noviembre;341.3;11.38;40.7;30
San José;2022;12;Diciembre;14.2;0.46;2.3;24
San José;2023;1;Enero;31.1;1.0;10.3;18
San José;2023;2;Febrero;2.5;0.09;1.9;3
San José;2023;3;Marzo;137.7;4.44;34.1;23
San José;2023;4;Abril;35.2;1.17;12.4;19
San José;2023;5;Mayo;242.1;7.81;50.2;27
San José;2023;6;Junio;294.6;9.82;27.1;30
San José;2023;7;Julio;290.3;9.36;36.0;29
San José;2023;8;Agosto;478.2;15.43;77.7;29
San José;2023;9;Setiembre;374.3;12.48;45.4;30
San José;2023;10;Octubre;673.0;21.71;74.1;31
San José;2023;11;Noviembre;323.0;10.77;40.9;30
San José;2023;12;Diciembre;51.2;1.65;13.8;18
San José;2024;1;Enero;11.3;0.36;3.2;10
San José;2024;2;Febrero;31.7;1.09;13.9;10
San José;2024;3;Marzo;22.2;0.72;3.6;17
San José;2024;4;Abril;153.6;5.12;36.2;20
San José;2024;5;Mayo;299.8;9.67;41.8;31
San José;2024;6;Junio;547.5;18.25;52.0;30
San José;2024;7;Julio;423.8;13.67;59.0;30
San José;2024;8;Agosto;391.2;12.62;36.8;30
San José;2024;9;Setiembre;453.7;15.12;41.9;30
San José;2024;10;Octubre;479.4;15.46;69.5;31
San José;2024;11;Noviembre;676.1;22.54;81.7;30
San José;2024;12;Diciembre;233.5;7.53;56.4;27
